,Jan,Feb,Mar,Apr,May,Jun,Jul,Aug,Sep,Oct,Nov,Dec
0,https://www.whitesourcesoftware.com/vulnerability-database/full-listing/2021/1,https://www.whitesourcesoftware.com/vulnerability-database/full-listing/2021/2,https://www.whitesourcesoftware.com/vulnerability-database/full-listing/2021/3,https://www.whitesourcesoftware.com/vulnerability-database/full-listing/2021/4,https://www.whitesourcesoftware.com/vulnerability-database/full-listing/2021/5,https://www.whitesourcesoftware.com/vulnerability-database/full-listing/2021/6,https://www.whitesourcesoftware.com/vulnerability-database/full-listing/2021/7,https://www.whitesourcesoftware.com/vulnerability-database/full-listing/2021/8,https://www.whitesourcesoftware.com/vulnerability-database/full-listing/2021/9,https://www.whitesourcesoftware.com/vulnerability-database/full-listing/2021/10,https://www.whitesourcesoftware.com/vulnerability-database/full-listing/2021/11,https://www.whitesourcesoftware.com/vulnerability-database/full-listing/2021/12
1,https://www.whitesourcesoftware.com/vulnerability-database/full-listing/2020/1,https://www.whitesourcesoftware.com/vulnerability-database/full-listing/2020/2,https://www.whitesourcesoftware.com/vulnerability-database/full-listing/2020/3,https://www.whitesourcesoftware.com/vulnerability-database/full-listing/2020/4,https://www.whitesourcesoftware.com/vulnerability-database/full-listing/2020/5,https://www.whitesourcesoftware.com/vulnerability-database/full-listing/2020/6,https://www.whitesourcesoftware.com/vulnerability-database/full-listing/2020/7,https://www.whitesourcesoftware.com/vulnerability-database/full-listing/2020/8,https://www.whitesourcesoftware.com/vulnerability-database/full-listing/2020/9,https://www.whitesourcesoftware.com/vulnerability-database/full-listing/2020/10,https://www.whitesourcesoftware.com/vulnerability-database/full-listing/2020/11,https://www.whitesourcesoftware.com/vulnerability-database/full-listing/2020/12
2,https://www.whitesourcesoftware.com/vulnerability-database/full-listing/2019/1,https://www.whitesourcesoftware.com/vulnerability-database/full-listing/2019/2,https://www.whitesourcesoftware.com/vulnerability-database/full-listing/2019/3,https://www.whitesourcesoftware.com/vulnerability-database/full-listing/2019/4,https://www.whitesourcesoftware.com/vulnerability-database/full-listing/2019/5,https://www.whitesourcesoftware.com/vulnerability-database/full-listing/2019/6,https://www.whitesourcesoftware.com/vulnerability-database/full-listing/2019/7,https://www.whitesourcesoftware.com/vulnerability-database/full-listing/2019/8,https://www.whitesourcesoftware.com/vulnerability-database/full-listing/2019/9,https://www.whitesourcesoftware.com/vulnerability-database/full-listing/2019/10,https://www.whitesourcesoftware.com/vulnerability-database/full-listing/2019/11,https://www.whitesourcesoftware.com/vulnerability-database/full-listing/2019/12
3,https://www.whitesourcesoftware.com/vulnerability-database/full-listing/2018/1,https://www.whitesourcesoftware.com/vulnerability-database/full-listing/2018/2,https://www.whitesourcesoftware.com/vulnerability-database/full-listing/2018/3,https://www.whitesourcesoftware.com/vulnerability-database/full-listing/2018/4,https://www.whitesourcesoftware.com/vulnerability-database/full-listing/2018/5,https://www.whitesourcesoftware.com/vulnerability-database/full-listing/2018/6,https://www.whitesourcesoftware.com/vulnerability-database/full-listing/2018/7,https://www.whitesourcesoftware.com/vulnerability-database/full-listing/2018/8,https://www.whitesourcesoftware.com/vulnerability-database/full-listing/2018/9,https://www.whitesourcesoftware.com/vulnerability-database/full-listing/2018/10,https://www.whitesourcesoftware.com/vulnerability-database/full-listing/2018/11,https://www.whitesourcesoftware.com/vulnerability-database/full-listing/2018/12
4,https://www.whitesourcesoftware.com/vulnerability-database/full-listing/2017/1,https://www.whitesourcesoftware.com/vulnerability-database/full-listing/2017/2,https://www.whitesourcesoftware.com/vulnerability-database/full-listing/2017/3,https://www.whitesourcesoftware.com/vulnerability-database/full-listing/2017/4,https://www.whitesourcesoftware.com/vulnerability-database/full-listing/2017/5,https://www.whitesourcesoftware.com/vulnerability-database/full-listing/2017/6,https://www.whitesourcesoftware.com/vulnerability-database/full-listing/2017/7,https://www.whitesourcesoftware.com/vulnerability-database/full-listing/2017/8,https://www.whitesourcesoftware.com/vulnerability-database/full-listing/2017/9,https://www.whitesourcesoftware.com/vulnerability-database/full-listing/2017/10,https://www.whitesourcesoftware.com/vulnerability-database/full-listing/2017/11,https://www.whitesourcesoftware.com/vulnerability-database/full-listing/2017/12
5,https://www.whitesourcesoftware.com/vulnerability-database/full-listing/2016/1,https://www.whitesourcesoftware.com/vulnerability-database/full-listing/2016/2,https://www.whitesourcesoftware.com/vulnerability-database/full-listing/2016/3,https://www.whitesourcesoftware.com/vulnerability-database/full-listing/2016/4,https://www.whitesourcesoftware.com/vulnerability-database/full-listing/2016/5,https://www.whitesourcesoftware.com/vulnerability-database/full-listing/2016/6,https://www.whitesourcesoftware.com/vulnerability-database/full-listing/2016/7,https://www.whitesourcesoftware.com/vulnerability-database/full-listing/2016/8,https://www.whitesourcesoftware.com/vulnerability-database/full-listing/2016/9,https://www.whitesourcesoftware.com/vulnerability-database/full-listing/2016/10,https://www.whitesourcesoftware.com/vulnerability-database/full-listing/2016/11,https://www.whitesourcesoftware.com/vulnerability-database/full-listing/2016/12
6,https://www.whitesourcesoftware.com/vulnerability-database/full-listing/2015/1,https://www.whitesourcesoftware.com/vulnerability-database/full-listing/2015/2,https://www.whitesourcesoftware.com/vulnerability-database/full-listing/2015/3,https://www.whitesourcesoftware.com/vulnerability-database/full-listing/2015/4,https://www.whitesourcesoftware.com/vulnerability-database/full-listing/2015/5,https://www.whitesourcesoftware.com/vulnerability-database/full-listing/2015/6,https://www.whitesourcesoftware.com/vulnerability-database/full-listing/2015/7,https://www.whitesourcesoftware.com/vulnerability-database/full-listing/2015/8,https://www.whitesourcesoftware.com/vulnerability-database/full-listing/2015/9,https://www.whitesourcesoftware.com/vulnerability-database/full-listing/2015/10,https://www.whitesourcesoftware.com/vulnerability-database/full-listing/2015/11,https://www.whitesourcesoftware.com/vulnerability-database/full-listing/2015/12
7,https://www.whitesourcesoftware.com/vulnerability-database/full-listing/2014/1,https://www.whitesourcesoftware.com/vulnerability-database/full-listing/2014/2,https://www.whitesourcesoftware.com/vulnerability-database/full-listing/2014/3,https://www.whitesourcesoftware.com/vulnerability-database/full-listing/2014/4,https://www.whitesourcesoftware.com/vulnerability-database/full-listing/2014/5,https://www.whitesourcesoftware.com/vulnerability-database/full-listing/2014/6,https://www.whitesourcesoftware.com/vulnerability-database/full-listing/2014/7,https://www.whitesourcesoftware.com/vulnerability-database/full-listing/2014/8,https://www.whitesourcesoftware.com/vulnerability-database/full-listing/2014/9,https://www.whitesourcesoftware.com/vulnerability-database/full-listing/2014/10,https://www.whitesourcesoftware.com/vulnerability-database/full-listing/2014/11,https://www.whitesourcesoftware.com/vulnerability-database/full-listing/2014/12
8,https://www.whitesourcesoftware.com/vulnerability-database/full-listing/2013/1,https://www.whitesourcesoftware.com/vulnerability-database/full-listing/2013/2,https://www.whitesourcesoftware.com/vulnerability-database/full-listing/2013/3,https://www.whitesourcesoftware.com/vulnerability-database/full-listing/2013/4,https://www.whitesourcesoftware.com/vulnerability-database/full-listing/2013/5,https://www.whitesourcesoftware.com/vulnerability-database/full-listing/2013/6,https://www.whitesourcesoftware.com/vulnerability-database/full-listing/2013/7,https://www.whitesourcesoftware.com/vulnerability-database/full-listing/2013/8,https://www.whitesourcesoftware.com/vulnerability-database/full-listing/2013/9,https://www.whitesourcesoftware.com/vulnerability-database/full-listing/2013/10,https://www.whitesourcesoftware.com/vulnerability-database/full-listing/2013/11,https://www.whitesourcesoftware.com/vulnerability-database/full-listing/2013/12
9,https://www.whitesourcesoftware.com/vulnerability-database/full-listing/2012/1,https://www.whitesourcesoftware.com/vulnerability-database/full-listing/2012/2,https://www.whitesourcesoftware.com/vulnerability-database/full-listing/2012/3,https://www.whitesourcesoftware.com/vulnerability-database/full-listing/2012/4,https://www.whitesourcesoftware.com/vulnerability-database/full-listing/2012/5,https://www.whitesourcesoftware.com/vulnerability-database/full-listing/2012/6,https://www.whitesourcesoftware.com/vulnerability-database/full-listing/2012/7,https://www.whitesourcesoftware.com/vulnerability-database/full-listing/2012/8,https://www.whitesourcesoftware.com/vulnerability-database/full-listing/2012/9,https://www.whitesourcesoftware.com/vulnerability-database/full-listing/2012/10,https://www.whitesourcesoftware.com/vulnerability-database/full-listing/2012/11,https://www.whitesourcesoftware.com/vulnerability-database/full-listing/2012/12
10,https://www.whitesourcesoftware.com/vulnerability-database/full-listing/2011/1,https://www.whitesourcesoftware.com/vulnerability-database/full-listing/2011/2,https://www.whitesourcesoftware.com/vulnerability-database/full-listing/2011/3,https://www.whitesourcesoftware.com/vulnerability-database/full-listing/2011/4,https://www.whitesourcesoftware.com/vulnerability-database/full-listing/2011/5,https://www.whitesourcesoftware.com/vulnerability-database/full-listing/2011/6,https://www.whitesourcesoftware.com/vulnerability-database/full-listing/2011/7,https://www.whitesourcesoftware.com/vulnerability-database/full-listing/2011/8,https://www.whitesourcesoftware.com/vulnerability-database/full-listing/2011/9,https://www.whitesourcesoftware.com/vulnerability-database/full-listing/2011/10,https://www.whitesourcesoftware.com/vulnerability-database/full-listing/2011/11,https://www.whitesourcesoftware.com/vulnerability-database/full-listing/2011/12
11,https://www.whitesourcesoftware.com/vulnerability-database/full-listing/2010/1,https://www.whitesourcesoftware.com/vulnerability-database/full-listing/2010/2,https://www.whitesourcesoftware.com/vulnerability-database/full-listing/2010/3,https://www.whitesourcesoftware.com/vulnerability-database/full-listing/2010/4,https://www.whitesourcesoftware.com/vulnerability-database/full-listing/2010/5,https://www.whitesourcesoftware.com/vulnerability-database/full-listing/2010/6,https://www.whitesourcesoftware.com/vulnerability-database/full-listing/2010/7,https://www.whitesourcesoftware.com/vulnerability-database/full-listing/2010/8,https://www.whitesourcesoftware.com/vulnerability-database/full-listing/2010/9,https://www.whitesourcesoftware.com/vulnerability-database/full-listing/2010/10,https://www.whitesourcesoftware.com/vulnerability-database/full-listing/2010/11,https://www.whitesourcesoftware.com/vulnerability-database/full-listing/2010/12
12,https://www.whitesourcesoftware.com/vulnerability-database/full-listing/2009/1,https://www.whitesourcesoftware.com/vulnerability-database/full-listing/2009/2,https://www.whitesourcesoftware.com/vulnerability-database/full-listing/2009/3,https://www.whitesourcesoftware.com/vulnerability-database/full-listing/2009/4,https://www.whitesourcesoftware.com/vulnerability-database/full-listing/2009/5,https://www.whitesourcesoftware.com/vulnerability-database/full-listing/2009/6,https://www.whitesourcesoftware.com/vulnerability-database/full-listing/2009/7,https://www.whitesourcesoftware.com/vulnerability-database/full-listing/2009/8,https://www.whitesourcesoftware.com/vulnerability-database/full-listing/2009/9,https://www.whitesourcesoftware.com/vulnerability-database/full-listing/2009/10,https://www.whitesourcesoftware.com/vulnerability-database/full-listing/2009/11,https://www.whitesourcesoftware.com/vulnerability-database/full-listing/2009/12
13,https://www.whitesourcesoftware.com/vulnerability-database/full-listing/2008/1,https://www.whitesourcesoftware.com/vulnerability-database/full-listing/2008/2,https://www.whitesourcesoftware.com/vulnerability-database/full-listing/2008/3,https://www.whitesourcesoftware.com/vulnerability-database/full-listing/2008/4,https://www.whitesourcesoftware.com/vulnerability-database/full-listing/2008/5,https://www.whitesourcesoftware.com/vulnerability-database/full-listing/2008/6,https://www.whitesourcesoftware.com/vulnerability-database/full-listing/2008/7,https://www.whitesourcesoftware.com/vulnerability-database/full-listing/2008/8,https://www.whitesourcesoftware.com/vulnerability-database/full-listing/2008/9,https://www.whitesourcesoftware.com/vulnerability-database/full-listing/2008/10,https://www.whitesourcesoftware.com/vulnerability-database/full-listing/2008/11,https://www.whitesourcesoftware.com/vulnerability-database/full-listing/2008/12
14,https://www.whitesourcesoftware.com/vulnerability-database/full-listing/2007/1,https://www.whitesourcesoftware.com/vulnerability-database/full-listing/2007/2,https://www.whitesourcesoftware.com/vulnerability-database/full-listing/2007/3,https://www.whitesourcesoftware.com/vulnerability-database/full-listing/2007/4,https://www.whitesourcesoftware.com/vulnerability-database/full-listing/2007/5,https://www.whitesourcesoftware.com/vulnerability-database/full-listing/2007/6,https://www.whitesourcesoftware.com/vulnerability-database/full-listing/2007/7,https://www.whitesourcesoftware.com/vulnerability-database/full-listing/2007/8,https://www.whitesourcesoftware.com/vulnerability-database/full-listing/2007/9,https://www.whitesourcesoftware.com/vulnerability-database/full-listing/2007/10,https://www.whitesourcesoftware.com/vulnerability-database/full-listing/2007/11,https://www.whitesourcesoftware.com/vulnerability-database/full-listing/2007/12
15,https://www.whitesourcesoftware.com/vulnerability-database/full-listing/2006/1,https://www.whitesourcesoftware.com/vulnerability-database/full-listing/2006/2,https://www.whitesourcesoftware.com/vulnerability-database/full-listing/2006/3,https://www.whitesourcesoftware.com/vulnerability-database/full-listing/2006/4,https://www.whitesourcesoftware.com/vulnerability-database/full-listing/2006/5,https://www.whitesourcesoftware.com/vulnerability-database/full-listing/2006/6,https://www.whitesourcesoftware.com/vulnerability-database/full-listing/2006/7,https://www.whitesourcesoftware.com/vulnerability-database/full-listing/2006/8,https://www.whitesourcesoftware.com/vulnerability-database/full-listing/2006/9,https://www.whitesourcesoftware.com/vulnerability-database/full-listing/2006/10,https://www.whitesourcesoftware.com/vulnerability-database/full-listing/2006/11,https://www.whitesourcesoftware.com/vulnerability-database/full-listing/2006/12
16,https://www.whitesourcesoftware.com/vulnerability-database/full-listing/2005/1,https://www.whitesourcesoftware.com/vulnerability-database/full-listing/2005/2,https://www.whitesourcesoftware.com/vulnerability-database/full-listing/2005/3,https://www.whitesourcesoftware.com/vulnerability-database/full-listing/2005/4,https://www.whitesourcesoftware.com/vulnerability-database/full-listing/2005/5,https://www.whitesourcesoftware.com/vulnerability-database/full-listing/2005/6,https://www.whitesourcesoftware.com/vulnerability-database/full-listing/2005/7,https://www.whitesourcesoftware.com/vulnerability-database/full-listing/2005/8,https://www.whitesourcesoftware.com/vulnerability-database/full-listing/2005/9,https://www.whitesourcesoftware.com/vulnerability-database/full-listing/2005/10,https://www.whitesourcesoftware.com/vulnerability-database/full-listing/2005/11,https://www.whitesourcesoftware.com/vulnerability-database/full-listing/2005/12
17,https://www.whitesourcesoftware.com/vulnerability-database/full-listing/2004/1,https://www.whitesourcesoftware.com/vulnerability-database/full-listing/2004/2,https://www.whitesourcesoftware.com/vulnerability-database/full-listing/2004/3,https://www.whitesourcesoftware.com/vulnerability-database/full-listing/2004/4,https://www.whitesourcesoftware.com/vulnerability-database/full-listing/2004/5,https://www.whitesourcesoftware.com/vulnerability-database/full-listing/2004/6,https://www.whitesourcesoftware.com/vulnerability-database/full-listing/2004/7,https://www.whitesourcesoftware.com/vulnerability-database/full-listing/2004/8,https://www.whitesourcesoftware.com/vulnerability-database/full-listing/2004/9,https://www.whitesourcesoftware.com/vulnerability-database/full-listing/2004/10,https://www.whitesourcesoftware.com/vulnerability-database/full-listing/2004/11,https://www.whitesourcesoftware.com/vulnerability-database/full-listing/2004/12
18,https://www.whitesourcesoftware.com/vulnerability-database/full-listing/2003/1,https://www.whitesourcesoftware.com/vulnerability-database/full-listing/2003/2,https://www.whitesourcesoftware.com/vulnerability-database/full-listing/2003/3,https://www.whitesourcesoftware.com/vulnerability-database/full-listing/2003/4,https://www.whitesourcesoftware.com/vulnerability-database/full-listing/2003/5,https://www.whitesourcesoftware.com/vulnerability-database/full-listing/2003/6,https://www.whitesourcesoftware.com/vulnerability-database/full-listing/2003/7,https://www.whitesourcesoftware.com/vulnerability-database/full-listing/2003/8,https://www.whitesourcesoftware.com/vulnerability-database/full-listing/2003/9,https://www.whitesourcesoftware.com/vulnerability-database/full-listing/2003/10,https://www.whitesourcesoftware.com/vulnerability-database/full-listing/2003/11,https://www.whitesourcesoftware.com/vulnerability-database/full-listing/2003/12
19,https://www.whitesourcesoftware.com/vulnerability-database/full-listing/2002/1,https://www.whitesourcesoftware.com/vulnerability-database/full-listing/2002/2,https://www.whitesourcesoftware.com/vulnerability-database/full-listing/2002/3,https://www.whitesourcesoftware.com/vulnerability-database/full-listing/2002/4,https://www.whitesourcesoftware.com/vulnerability-database/full-listing/2002/5,https://www.whitesourcesoftware.com/vulnerability-database/full-listing/2002/6,https://www.whitesourcesoftware.com/vulnerability-database/full-listing/2002/7,https://www.whitesourcesoftware.com/vulnerability-database/full-listing/2002/8,https://www.whitesourcesoftware.com/vulnerability-database/full-listing/2002/9,https://www.whitesourcesoftware.com/vulnerability-database/full-listing/2002/10,https://www.whitesourcesoftware.com/vulnerability-database/full-listing/2002/11,https://www.whitesourcesoftware.com/vulnerability-database/full-listing/2002/12
20,https://www.whitesourcesoftware.com/vulnerability-database/full-listing/2001/1,https://www.whitesourcesoftware.com/vulnerability-database/full-listing/2001/2,https://www.whitesourcesoftware.com/vulnerability-database/full-listing/2001/3,https://www.whitesourcesoftware.com/vulnerability-database/full-listing/2001/4,https://www.whitesourcesoftware.com/vulnerability-database/full-listing/2001/5,https://www.whitesourcesoftware.com/vulnerability-database/full-listing/2001/6,https://www.whitesourcesoftware.com/vulnerability-database/full-listing/2001/7,https://www.whitesourcesoftware.com/vulnerability-database/full-listing/2001/8,https://www.whitesourcesoftware.com/vulnerability-database/full-listing/2001/9,https://www.whitesourcesoftware.com/vulnerability-database/full-listing/2001/10,https://www.whitesourcesoftware.com/vulnerability-database/full-listing/2001/11,https://www.whitesourcesoftware.com/vulnerability-database/full-listing/2001/12
